{"textures":{"0":"bettermodel:item/baran_leg_texture","1":"bettermodel:item/baran_lower_torso_texture","2":"bettermodel:item/baran_torso_texture","3":"bettermodel:item/baran_arm_texture"},"elements":[{"from":[8.0,4.7519174,5.679941],"to":[12.176106,10.784071,11.712094],"rotation":{"angle":40.0,"axis":"z","origin":[8.928023,5.215929,8.0]},"faces":{"north":{"uv":[6.5,1.875,7.625,3.5],"tintindex":-2,"texture":"#3"},"east":{"uv":[3.25,3.5,4.875,5.125],"tintindex":-2,"texture":"#3"},"south":{"uv":[4.375,6.75,5.5,8.375],"tintindex":-2,"texture":"#3"},"west":{"uv":[3.75,0.0,5.375,1.625],"tintindex":-2,"texture":"#3"},"up":{"uv":[6.625,8.375,5.5,6.75],"tintindex":-2,"texture":"#3"},"down":{"uv":[7.75,6.75,6.625,8.375],"tintindex":-2,"texture":"#3"}}},{"from":[6.2031326,8.08611,8.649616],"to":[12.235287,14.118263,8.649616],"rotation":{"angle":22.5,"axis":"z","origin":[9.21921,11.102187,8.649616]},"faces":{"north":{"uv":[0.0,3.5,1.625,5.125],"tintindex":-2,"texture":"#3"},"east":{"uv":[0.0,0.0,0.0,1.625],"tintindex":-2,"texture":"#3"},"south":{"uv":[1.625,3.5,3.25,5.125],"tintindex":-2,"texture":"#3"},"west":{"uv":[0.0,0.0,0.0,1.625],"tintindex":-2,"texture":"#3"},"up":{"uv":[1.625,0.0,0.0,0.0],"tintindex":-2,"texture":"#3"},"down":{"uv":[1.625,0.0,0.0,0.0],"tintindex":-2,"texture":"#3"}}},{"from":[7.071976,4.5199113,5.215929],"to":[8.464012,11.016077,12.176106],"rotation":{"angle":40.0,"axis":"z","origin":[8.928023,5.215929,8.0]},"faces":{"north":{"uv":[9.625,0.0,10.0,1.75],"tintindex":-2,"texture":"#3"},"east":{"uv":[0.0,0.0,1.875,1.75],"tintindex":-2,"texture":"#3"},"south":{"uv":[2.0,9.625,2.375,11.375],"tintindex":-2,"texture":"#3"},"west":{"uv":[0.0,1.75,1.875,3.5],"tintindex":-2,"texture":"#3"},"up":{"uv":[4.125,10.5,3.75,8.625],"tintindex":-2,"texture":"#3"},"down":{"uv":[9.875,5.875,9.5,7.75],"tintindex":-2,"texture":"#3"}}},{"from":[6.6079645,0.11179924,6.6079645],"to":[10.320059,7.071976,10.784071],"rotation":{"angle":5.0,"axis":"z","origin":[6.6079645,2.8958702,8.0]},"faces":{"north":{"uv":[3.375,5.125,4.375,7.0],"tintindex":-2,"texture":"#3"},"east":{"uv":[4.875,4.875,6.0,6.75],"tintindex":-2,"texture":"#3"},"south":{"uv":[5.375,0.0,6.375,1.875],"tintindex":-2,"texture":"#3"},"west":{"uv":[0.0,5.125,1.125,7.0],"tintindex":-2,"texture":"#3"},"up":{"uv":[8.75,9.5,7.75,8.375],"tintindex":-2,"texture":"#3"},"down":{"uv":[1.0,8.625,0.0,9.75],"tintindex":-2,"texture":"#3"}}}]}